{
    "metrics": {
        "http_req_duration{expected_response:true}": {
            "min": 29.8728,
            "med": 111.9714,
            "max": 1183.2391,
            "p(90)": 233.86306,
            "p(95)": 281.33191999999997,
            "avg": 125.91090053343038
        },
        "http_reqs": {
            "count": 114038,
            "rate": 345.5548919321361
        },
        "tickets_rejected": {
            "count": 62277,
            "rate": 188.71009667705187
        },
        "vus_max": {
            "max": 80,
            "value": 80,
            "min": 80
        },
        "http_req_tls_handshaking": {
            "avg": 0,
            "min": 0,
            "med": 0,
            "max": 0,
            "p(90)": 0,
            "p(95)": 0
        },
        "http_req_sending": {
            "avg": 0.004277137445412934,
            "min": 0,
            "med": 0,
            "max": 4.4426,
            "p(90)": 0,
            "p(95)": 0
        },
        "ticket_create_latency_ms": {
            "max": 1183.2391,
            "p(90)": 181.22646,
            "p(95)": 228.27801,
            "avg": 76.29905968449008,
            "min": 22.1291,
            "med": 40.5132,
            "thresholds": {
                "p(95)<2000": false
            }
        },
        "http_req_receiving": {
            "avg": 0.1255973061611035,
            "min": 0,
            "med": 0,
            "max": 34.4725,
            "p(90)": 0.616,
            "p(95)": 0.8181
        },
        "http_req_failed": {
            "passes": 97541,
            "fails": 16497,
            "value": 0.8553376944527263
        },
        "data_sent": {
            "count": 34902940,
            "rate": 105761.95355770735
        },
        "http_req_blocked": {
            "med": 0,
            "max": 77.2238,
            "p(90)": 0,
            "p(95)": 0,
            "avg": 0.012912730844104598,
            "min": 0
        },
        "http_req_connecting": {
            "avg": 0.01168048632911837,
            "min": 0,
            "med": 0,
            "max": 77.2238,
            "p(90)": 0,
            "p(95)": 0
        },
        "data_received": {
            "count": 31173640,
            "rate": 94461.52862494357
        },
        "iteration_duration": {
            "p(90)": 231.86872000000005,
            "p(95)": 278.93195,
            "avg": 126.96392354302918,
            "min": 72.9831,
            "med": 91.2176,
            "max": 1233.7482
        },
        "http_req_waiting": {
            "p(90)": 181.10374,
            "p(95)": 228.19642499999995,
            "avg": 76.16918524088382,
            "min": 22.1291,
            "med": 40.4084,
            "max": 1183.2391
        },
        "http_req_duration": {
            "p(95)": 228.27801,
            "avg": 76.29905968449008,
            "min": 22.1291,
            "med": 40.5132,
            "max": 1183.2391,
            "p(90)": 181.22646
        },
        "checks": {
            "passes": 78774,
            "fails": 35264,
            "value": 0.6907697434188603
        },
        "tickets_created": {
            "count": 16497,
            "rate": 49.98876736004183
        },
        "vus": {
            "value": 1,
            "min": 0,
            "max": 80
        },
        "iterations": {
            "count": 114038,
            "rate": 345.5548919321361
        }
    },
    "root_group": {
        "name": "",
        "path": "",
        "id": "d41d8cd98f00b204e9800998ecf8427e",
        "groups": {},
        "checks": {
                "status is 201, 429, or 503": {
                    "fails": 35264,
                    "name": "status is 201, 429, or 503",
                    "path": "::status is 201, 429, or 503",
                    "id": "89812851c86a07a316a05c78d95259d4",
                    "passes": 78774
                }
            }
    }
}